{
  "0": {
    "talking_sec": 211.85209375,
    "talking_pct": 0.2816942475014696,
    "sentiment_pred": "Positive",
    "sentiment_prob": 0.55,
    "video_sec": 251.44,
    "video_pct": 0.33433326212651376,
    "happy": 0.5240836691613894,
    "neutral": 0.38380349261178276,
    "angry": 0.0401074649779313,
    "fear": 0.016119746689694875,
    "sad": 0.00978698906160046,
    "surprise": 0.025331030512377662,
    "disgust": 0.0007676069852235655
  },
  "1": {
    "talking_sec": 292.38025,
    "talking_pct": 0.3887704532447726,
    "sentiment_pred": "Negative",
    "sentiment_prob": 0.66,
    "video_sec": 338.08,
    "video_pct": 0.449536228363553,
    "neutral": 0.4151545942807374,
    "angry": 0.04920888372768181,
    "happy": 0.47742778342284803,
    "sad": 0.009725649586296995,
    "fear": 0.021338365510233707,
    "surprise": 0.02714472347220206
  }
}
